// Site Explorer -> Backlinks -> Referring domains, топ-30/40 по DR, для трёх доменов сетки.
// Пункт 7 из 7-бис: проверка допущения «они почти ниоткуда не залинкованы».
// Допущение по объёму опровергнуто — доноров тысячи. Но профиль покупной/UGC-шный:
// профили на diigo/steemit/medium, форумы (boardhost, atw.hu), бесплатные хостинги
// (hostingersite, myftpupload, flywheelsites, altervista), взломанные .edu/.gov
// (illinois.edu, uconn.edu, kerala.gov.in, cultura.gov.it, jcyl.es), и в открытую —
// buybacklinks.agency, fiverr-seo-for-small-businesses.site, rankyour.website.
// Редакционных ссылок в верхушке нет ни у одного.
target,donor_domain,donor_dr,links_to_target,donor_traffic,first_seen
mostbet.net.pl,vimeo.com,96.0,1,2627776,2025-03-08
mostbet.net.pl,bbc.co.uk,93.0,1,138287232,2024-12-15
mostbet.net.pl,bbc.com,93.0,3,86086344,2024-12-08
mostbet.net.pl,hostingersite.com,92.0,2,26711,2026-05-02
mostbet.net.pl,us.com,92.0,1,2855586,2026-06-03
mostbet.net.pl,azurewebsites.net,92.0,1,761056,2026-05-08
mostbet.net.pl,so.com,91.0,1,6016,2026-01-15
mostbet.net.pl,free.fr,91.0,2,10282576,2024-12-06
mostbet.net.pl,in.net,91.0,2,6180932,2026-05-03
mostbet.net.pl,provenexpert.com,91.0,1,59182,2024-12-15
mostbet.net.pl,aljazeera.com,90.0,1,10996579,2024-12-13
mostbet.net.pl,illinois.edu,90.0,2,984775,2024-12-17
mostbet.net.pl,about.me,90.0,1,325801,2025-01-19
mostbet.net.pl,ovh.net,90.0,1,239138,2026-04-21
mostbet.net.pl,za.com,90.0,5,1159819,2024-07-06
mostbet.net.pl,nymag.com,90.0,1,824213,2025-04-19
mostbet.net.pl,altervista.org,88.0,1,1319897,2024-12-21
mostbet.net.pl,company.site,88.0,1,55594,2025-01-18
mostbet.net.pl,krakow.pl,87.0,13,1043693,2024-02-09
mostbet.net.pl,themehorse.com,87.0,2,77,2024-12-10
mostbet.net.pl,aryeo.com,87.0,15,1751,2024-12-07
mostbet.net.pl,flywheelsites.com,87.0,20,3594,2024-12-07
mostbet.net.pl,uconn.edu,87.0,4,599742,2024-12-09
mostbet.net.pl,uservoice.com,86.0,1,22765,2026-07-26
mostbet.net.pl,xrea.com,86.0,2,149345,2024-12-18
mostbet.net.pl,observer.com,86.0,2,52034,2024-12-18
mostbet.net.pl,foreignpolicy.com,86.0,3,26918,2024-12-07
mostbet.net.pl,quanticalabs.com,85.0,2,138,2025-02-22
mostbet.net.pl,wikiwand.com,85.0,2,87348,2024-12-13
mostbet.net.pl,latribune.fr,85.0,1,135569,2025-01-02
mostbet.net.pl,cultura.gov.it,84.0,1,745838,2024-12-18
mostbet.net.pl,beniculturali.it,84.0,3,74591,2025-01-15
mostbet.net.pl,codeigniter.com,84.0,1,18123,2026-05-31
mostbet.net.pl,ipfs.io,83.0,3,118,2025-02-05
mostbet.net.pl,jcyl.es,83.0,2,711447,2024-12-15
mostbet.net.pl,kerala.gov.in,83.0,49,8105526,2024-12-12
mostbet.net.pl,blogs.com,83.0,1,0,2025-03-31
mostbet.net.pl,gothamist.com,83.0,2,20896,2025-02-28
mostbet.net.pl,lublin.pl,82.0,1,395250,2024-12-17
mostbet.net.pl,uba.ar,81.0,1,441060,2025-03-12
mostbet.net.in,medium.com,94.0,2,21602632,2026-05-09
mostbet.net.in,hatena.ne.jp,93.0,1,817545,2024-11-04
mostbet.net.in,hostingersite.com,92.0,1,26711,2026-05-18
mostbet.net.in,myftpupload.com,91.0,9,15332,2026-07-01
mostbet.net.in,hitched.co.uk,82.0,1,658035,2025-12-14
mostbet.net.in,diigo.com,82.0,46,16794,2026-02-17
mostbet.net.in,miniorange.com,81.0,9,53092,2025-03-26
mostbet.net.in,steemit.com,81.0,4,438392,2026-04-21
mostbet.net.in,itxoft.com,80.0,1,0,2024-07-22
mostbet.net.in,pubpub.org,79.0,1,20201,2025-01-26
mostbet.net.in,websitehome.co.uk,78.0,1,465,2025-12-25
mostbet.net.in,nop-templates.com,78.0,5,164,2025-07-05
mostbet.net.in,asrock.com,77.0,3,231058,2025-05-01
mostbet.net.in,codementor.io,77.0,1,17911,2026-04-28
mostbet.net.in,screwfix.com,76.0,1,5839918,2026-05-26
mostbet.net.in,withemes.com,76.0,1,124,2026-04-18
mostbet.net.in,sonic.net,76.0,1,6067,2025-04-02
mostbet.net.in,temp-site.link,76.0,1,8,2025-10-22
mostbet.net.in,gametracker.com,76.0,2,28201,2026-03-18
mostbet.net.in,graph.org,75.0,1,0,2026-05-03
mostbet.net.in,keepandshare.com,75.0,6,3600,2025-05-13
mostbet.net.in,shacknews.com,75.0,1,134886,2025-08-24
mostbet.net.in,atw.hu,75.0,5,15693,2025-04-09
mostbet.net.in,egu.eu,75.0,1,5725,2024-08-12
mostbet.net.in,plarium.com,74.0,2,303016,2025-05-02
mostbet.net.in,hacker9.com,74.0,3,145702,2025-12-18
mostbet.net.in,saylor.org,73.0,2,24168,2025-05-05
mostbet.net.in,boardhost.com,73.0,4,44114,2026-06-12
mostbet.net.in,mmorpg.com,73.0,1,80474,2026-07-12
mostbet.net.in,siteinvention.com,72.0,371,103,2025-05-21
mostbet.co.cz,buymeacoffee.com,92.0,1,90711,2026-06-15
mostbet.co.cz,feedburner.com,91.0,1,2,2025-12-30
mostbet.co.cz,prestashop.com,91.0,2,53366,2025-08-01
mostbet.co.cz,sketchfab.com,90.0,2,1630865,2026-08-08
mostbet.co.cz,novaworks.net,83.0,1,0,2026-03-06
mostbet.co.cz,hitched.co.uk,82.0,2,658035,2026-03-29
mostbet.co.cz,diigo.com,82.0,1,16794,2026-05-09
mostbet.co.cz,makerfaire.com,78.0,8440,2714,2026-01-19
mostbet.co.cz,unipv.it,77.0,34,36735,2025-08-17
mostbet.co.cz,gametracker.com,76.0,8,28201,2025-10-18
mostbet.co.cz,keepandshare.com,75.0,3,3600,2025-12-19
mostbet.co.cz,atw.hu,75.0,23,15693,2026-04-23
mostbet.co.cz,mixh.jp,75.0,1,253419,2026-05-01
mostbet.co.cz,roborock.com,75.0,6,642777,2025-07-26
mostbet.co.cz,rankyour.website,74.0,4,0,2025-12-31
mostbet.co.cz,plarium.com,74.0,4,303016,2025-08-03
mostbet.co.cz,factmags.com,74.0,4,0,2026-05-07
mostbet.co.cz,mangadex.org,73.0,1,1041131,2026-05-08
mostbet.co.cz,boardhost.com,73.0,47,44114,2025-07-26
mostbet.co.cz,freeflarum.com,72.0,1,4605,2025-12-10
mostbet.co.cz,uha.fr,71.0,2,16391,2025-08-09
mostbet.co.cz,zhp.pl,71.0,2,12779,2025-08-01
mostbet.co.cz,espritgames.com,71.0,2,3576,2025-07-25
mostbet.co.cz,orangepi.org,71.0,6,29172,2025-09-05
mostbet.co.cz,buybacklinks.agency,70.0,4,0,2026-03-21
mostbet.co.cz,thisisant.com,70.0,9,865,2025-11-24
mostbet.co.cz,ueuo.com,69.0,2,2500,2025-05-16
mostbet.co.cz,c4.cz,69.0,1,16,2025-10-21
mostbet.co.cz,itxoft-seo-for-higher-rankings.site,69.0,2,0,2026-03-18
mostbet.co.cz,fiverr-seo-for-small-businesses.site,68.0,2,0,2026-03-19
