domain,urls,site
galabavaqti.online,https://akcktrack.com/fLPjwFK4?external_id=01a0f481-6842-7be0-b6ac-b1020f9c39fe&ad_campaign_id=&source=&sub1=&sub2=&sub3=&sub4=&sub5=&split_id=&campaign_name=&app_num=4MDJ&app_bundle=galabavaqti.online&adset_id=&adset_name=&ad_id=&ad_name=&network_channel=&is_organic=&gaid=&isBackUrl=0&fbp=&ttp=&bgp=&os_name=Android&os_ver=13&language=en&country=RS&push_id=%7BpushId%7D&push_name=%7BpushName%7D&push_open=%7BisPush%7D&fbclid=&push_sub=%7BisPushSub%7D&first_open=%7BisFirstOpen%7D&pwa_id=275233,galabavaqti.online
bonanza-most.com,https://www.cpggmblstrm13.site/uw1t/?sub1=01a0f47f-98f9-72fa-b162-4e02d4c7dc35&sub2=&sub3=&sub4=&sub5=,bonanza-most.com
cmostb-24.com,https://www.cpggmblstrm15.site/uw1p/?sub1=01a0f480-365e-79e5-9363-82028b1ec81d&sub2=&sub3=&sub4=&sub5=&sub6=,cmostb-24.com
goldassiagames.com,https://firesidechat.click/jTmd8jpG?external_id=01a0f020-e02c-771e-b840-3602f55fd4e9&fbp=%7Bfbp%7D&ad_id=%7B%7Bad.id%7D%7D&ad_name=%7B%7Bad.name%7D%7D&adset_id=%7B%7Badset.id%7D%7D&adset_name=%7B%7Badset.name%7D%7D&ad_campaign_id=%7B%7Bcampaign.id%7D%7D&campaign_name=%7B%7Bcampaign.name%7D%7D&network_channel=%7B%7Bplacement%7D%7D&source=%7B%7Bsite_source_name%7D%7D,goldassiagames.com
az-mostbet-az.com,https://luckleon.com/6NNJd8?external_id=01a0f47e-fb49-7728-84c5-5302ebbfb697&ad_campaign_id=&source=&sub1=&sub2=&sub3=&sub4=&sub5=&split_id=&campaign_name=&app_num=ETE8&app_bundle=az-mostbet-az.com&adset_id=&adset_name=&ad_id=&ad_name=&network_channel=&is_organic=&gaid=&isBackUrl=0&fbp=1535839557699400&ttp=&bgp=&os_name=Android&os_ver=13&language=en&country=RS&push_id=%7BpushId%7D&push_name=%7BpushName%7D&push_open=%7BisPush%7D&fbclid=&push_sub=%7BisPushSub%7D,az-mostbet-az.com
fruit-dash-tropical-drop.help,https://hitinspin.online/dSGyHr7c?external_id=01a0f481-5971-787b-99c9-f00288e3f92b&sub_id_1=&sub_id_2=&sub_id_3=&sub_id_4=&sub_id_5=&sub_id_6=&sub_id_7=Ewe5,fruit-dash-tropical-drop.help
azmostappka.website,https://sapog.online/click?key=20ebc1a927814a528395639133b29dc6&externalid=01a0f47f-09f6-76f7-a56e-37028829c48c&sub1=&sub2=&sub3=&app_num=4xoe&app_bundle=azmostappka.website&utm_terms=%7Butm_terms%7D&ad_id=%7B%7Bad.id%7D%7D&fbclid=%7Bfbclid%7D&source=&network_channel=&campaign_id=&utm_campaign=%7Butm_campaign%7D&domain=%7Bdomain%7D&fbp=%7Bfbp%7D&utm_content=%7Butm_content%7D&_pwasimid=%7B_pwasimid%7D&ad_name=&pixel=%7Bpixel%7D,azmostappka.website
mostb-bonanza.com,https://www.cpggmblstrm13.site/uw1t/?sub1=01a0f1d1-11ff-732b-bfb0-0c02866bf7d4&sub2=&sub3=&sub4=&sub5=,mostb-bonanza.com
gpstore.site,http://www.vectorcore.space/Yy5Tcs?external_id=01a0effd-cc49-7d03-96e5-99026ac83e1c&source=&sub1=&sub2=&sub3=&sub4=&sub5=&split_id=&campaign_name=&app_num=445V&app_bundle=gpstore.site&adset_id=&adset_name=&ad_id=&ad_name=&network_channel=&is_organic=,gpstore.site
kmostb-top.com,https://www.cpggmblstrm15.site/uw1p/?sub1=01a0f482-ab1d-7bcd-9283-b802550e641e&sub2=&sub3=&sub4=&sub5=&sub6=,kmostb-top.com
mostbetoffline.com,https://c6sqvjy6.playpwatop.com/c6sqvJY6?external_id=01a0eebd-a087-7e77-a212-980248b247ba&fbp=%7Bfbp%7D&ad_id=%7B%7Bad.id%7D%7D&ad_name=%7B%7Bad.name%7D%7D&adset_id=%7B%7Badset.id%7D%7D&adset_name=%7B%7Badset.name%7D%7D&ad_campaign_id=%7B%7Bcampaign.id%7D%7D&campaign_name=%7B%7Bcampaign.name%7D%7D&network_channel=%7B%7Bplacement%7D%7D&source=%7B%7Bsite_source_name%7D%7D,mostbetoffline.com
luckway.net,https://hitinspin.online/dSGyHr7c?external_id=01a0f482-fdd9-7cd3-b131-2e02d4c1a0e7&sub_id_1=&sub_id_2=&sub_id_3=&sub_id_4=&sub_id_5=&sub_id_6=&sub_id_7=4EbO,luckway.net
uz-game.com,https://www.cpggmblstrm13.site/uw1t/?sub1=01a0f1d2-573f-7a16-991b-df029d0854df&sub2=&sub3=&sub4=&sub5=,uz-game.com
multihot5.help,https://hitinspin.online/dSGyHr7c?external_id=01a0f1d8-3d84-76c1-a016-650216d296d8&sub_id_1=&sub_id_2=&sub_id_3=&sub_id_4=&sub_id_5=&sub_id_6=&sub_id_7=4EbO,multihot5.help
mostbet250fs.com,https://55stxgzp.playpwatop.com/55sTXGzp?external_id=01a0eebd-7b72-7301-93d9-b3026e9ba23e&fbp=%7Bfbp%7D&ad_id=%7B%7Bad.id%7D%7D&ad_name=%7B%7Bad.name%7D%7D&adset_id=%7B%7Badset.id%7D%7D&adset_name=%7B%7Badset.name%7D%7D&ad_campaign_id=%7B%7Bcampaign.id%7D%7D&campaign_name=%7B%7Bcampaign.name%7D%7D&network_channel=%7B%7Bplacement%7D%7D&source=%7B%7Bsite_source_name%7D%7D,mostbet250fs.com
mst-luckywheel.com,https://www.cpggmblstrm13.site/uwrl/?sub1=01a0f1d2-1c86-71ee-956a-380203adb2bf&sub2=&sub3=&sub4=&sub5=&sub6=,mst-luckywheel.com
fruitboom777.site,http://www.vectorcore.space/Yy5Tcs?external_id=01a0effd-333b-7de6-9b4a-7902778dd7cb&source=&sub1=&sub2=&sub3=&sub4=&sub5=&split_id=&campaign_name=&app_num=4KIS&app_bundle=fruitboom777.site&adset_id=&adset_name=&ad_id=&ad_name=&network_channel=&is_organic=,fruitboom777.site
