domain,final_url,http_status,title,mostbet_mentions,links_internal,links_external,method,ref_url,ref_host,ref_kind,via,chain
moostbet.com,https://moostbet.com/,200,"moostbet — mostbet вход, казино онлайн, ставки и мобильное приложение 2025",12,3,3,chain:internal_redirect_like,https://3dqeka7xzlun7d5mst.com/pmLF,3dqeka7xzlun7d5mst.com,known_ref_host,https://moostbet.com/go-moostbet.php,302 https://moostbet.com/go-moostbet.php → 302 https://betplace.org/NfBG9q
mostbet-atye.top,https://mostbet-atye.top/,200,Мостбет официальный сайт 🏆 Mostbet казино зеркало рабочее,160,5,3,chain:internal_redirect_like,https://vb2f8dw5k3mp.com/WO3S,vb2f8dw5k3mp.com,ref,https://mostbet-atye.top/reg,302 https://mostbet-atye.top/reg
mostbet-axa.top,https://mostbet-vjd.top/,200,МОСТБЕТ РАБОЧЕЕ ЗЕРКАЛО на СЕГОДНЯ | MOSTBET БК Официальный сайт - Вход и регистрация + Бонусы каждый день,171,5,3,chain:internal_redirect_like,https://vb2f8dw5k3mp.com/WO3S,vb2f8dw5k3mp.com,ref,https://mostbet-vjd.top/reg,302 https://mostbet-vjd.top/reg
mostbet-czech-republic.cz,https://mostbet-czech-republic.cz/,200,Mostbet Czech Republic – Online Kasino a Sázková Kancelář | Mostbet CZ,140,8,4,chain:internal_redirect_like,https://vgtcrknvmb.com/PMNU?sub1=3rv99s03m99n,vgtcrknvmb.com,ref,https://mostbet-czech-republic.cz/go/go.php,302 https://mostbet-czech-republic.cz/go/go.php
mostbet-dnj.top,https://mostbet-dnj.top/,200,"Мостбет официальный сайт, рабочее зеркало казино Mostbet",153,5,3,chain:internal_redirect_like,https://vb2f8dw5k3mp.com/WO3S,vb2f8dw5k3mp.com,ref,https://mostbet-dnj.top/reg,302 https://mostbet-dnj.top/reg
mostbet-ew.xyz,https://mostbet-dnj.top/,200,"Мостбет официальный сайт, рабочее зеркало казино Mostbet",153,5,3,chain:internal_redirect_like,https://vb2f8dw5k3mp.com/WO3S,vb2f8dw5k3mp.com,ref,https://mostbet-dnj.top/reg,302 https://mostbet-dnj.top/reg
mostbet-fox.top,https://mostbet-vjd.top/,200,МОСТБЕТ РАБОЧЕЕ ЗЕРКАЛО на СЕГОДНЯ | MOSTBET БК Официальный сайт - Вход и регистрация + Бонусы каждый день,171,5,3,chain:internal_redirect_like,https://vb2f8dw5k3mp.com/WO3S,vb2f8dw5k3mp.com,ref,https://mostbet-vjd.top/reg,302 https://mostbet-vjd.top/reg
mostbet-gf.top,https://mostbet-gf.top/,200,Мостбет официальный сайт | Mostbet казино зеркало рабочее,152,6,3,chain:internal_redirect_like,https://vb2f8dw5k3mp.com/WO3S,vb2f8dw5k3mp.com,ref,https://mostbet-gf.top/reg,302 https://mostbet-gf.top/reg
mostbet-hdov.top,https://mostbet-hdov.top/,200,MostBet рабочее зеркало на сегодня | Вход и регистрация в MostBet,146,5,3,chain:internal_redirect_like,https://vb2f8dw5k3mp.com/WO3S,vb2f8dw5k3mp.com,ref,https://mostbet-hdov.top/reg,302 https://mostbet-hdov.top/reg
mostbet-hrfl.top,https://mostbet-zdfw.top/,200,БК Mostbet | Мостбет,149,5,3,chain:internal_redirect_like,https://vb2f8dw5k3mp.com/WO3S,vb2f8dw5k3mp.com,ref,https://mostbet-zdfw.top/reg,302 https://mostbet-zdfw.top/reg
mostbet-hxg.top,https://mostbet-vjd.top/,200,МОСТБЕТ РАБОЧЕЕ ЗЕРКАЛО на СЕГОДНЯ | MOSTBET БК Официальный сайт - Вход и регистрация + Бонусы каждый день,171,5,3,chain:internal_redirect_like,https://vb2f8dw5k3mp.com/WO3S,vb2f8dw5k3mp.com,ref,https://mostbet-vjd.top/reg,302 https://mostbet-vjd.top/reg
mostbet13748.help,https://mostbettjk.com/,200,Mostbet Тоҷикистон — шарҳи букмекерӣ ва казино онлайн,130,20,3,chain:internal_redirect_like,https://llvgibmb.com/fHBF,llvgibmb.com,ref,https://mostbettjk.com/reg,301 https://mostbettjk.com/reg
mususc51.ru,https://mususc51.ru/,200,Мостбет официальный сайт 2026 | Доступ к ставкам,33,21,3,chain:internal_redirect_like,https://klautbmb.com/oqfU,klautbmb.com,ref,https://mususc51.ru/go/,302 https://mususc51.ru/go/
