domain,final_url,http_status,title,mostbet_mentions,links_internal,links_external,flag,gate_dead,gate_other,candidates_checked
1xbet.com,https://1xbet.rs/en,200,Online Sport Bookmaker Serbia 1xBet,0,94,2,,,,16
apnews.com,https://apnews.com/,200,"Associated Press News: Breaking News, Latest Headlines and Videos  | AP News",0,338,28,,,,25
arabayarisi.com.tr,https://arabayarisi.com.tr/,200,Araba Yarışı – Araba Yarışı,2,81,4,,,,5
aubethermostatmanual.com,https://aubethermostatmanual.com/,200,Aube Thermostat User Manual_Aube Thermostat Guide,0,667,1,,,,1
avito.ru,https://www.avito.ru/,200,Авито — Объявления на сайте Авито,0,110,2404,,,,25
bettymostrealestate.online,http://bettymostrealestate.online/,200,,0,0,0,thin_page,,,0
biotechnutrainc.com,https://biotechnutrainc.com/,200,Sports Nutrition & Supplements Online Store,0,35,27,,,shopify.com,18
casino.guru,https://casino.guru/,200,Casino Guru – The Ultimate Guide to The Online Casino World,0,402,24,,,,25
clearbridgetech.com,https://clearbridgetech.com/,200,ClearBridge Technology - IT Consulting & Technology Solutions,0,57,6,,,,6
collegeofcupping.com,https://collegeofcupping.com/password,200,– The International College of Clinical Cupping and Hijama,0,6,8,,,,9
edgars.co.za,https://www.edgars.co.za/,200,"EDGARS | Buy Clothing, Shoes, Beauty & Homeware Online
  
– Edgars",0,60,66,,,,25
elpalaciodehierro.com,https://www.elpalaciodehierro.com/,200,Noches Palacio: 50% Adicional en Monedas con Tarjeta Palacio,0,876,21,,,,17
fr.shopping.rakuten.com,https://fr.shopping.rakuten.com/,200,"Rakuten - Achat et vente neuf, occasion et reconditionné",0,354,14,,,,25
gamingtoday.com,https://www.gamingtoday.com/,200,America's Top Source for Online Gambling Sites & iGaming News,0,165,20,,https://www.gamingtoday.com/sports-betting/apps/nfl/ https://www.gamingtoday.com/sports-betting/apps/mlb/ https://www.gamingtoday.com/sports-betting/apps/super-bowl/ https://www.gamingtoday.com/online-casinos/apps/ https://www.gamingtoday.com/online-casinos/bonus/ https://www.gamingtoday.com/online-casinos/bonus/no-deposit/ https://www.gamingtoday.com/online-casinos/bonus/codes/ https://www.gamingtoday.com/online-casinos/bonus/free-spins/ https://www.gamingtoday.com/online-casinos/crypto/bonus/ https://www.gamingtoday.com/casino/,,24
hareketlicepheplatformu.com,https://hareketlicepheplatformu.com/,200,Anasayfa - Hareketli Cephe Platformu,0,18,5,,,,3
labellov.com,https://labellov.com/,200,Preloved Luxury Designer Bags | Labellov,0,44,23,,,shopify.com,19
lineups.com,https://www.lineups.com/,200,"Lineups: Starting Lineups, Rosters, Betting Odds, Fantasy Stats",0,174,11,,https://www.lineups.com/online-casinos/bonus/ https://www.lineups.com/online-casinos/apps/ https://www.lineups.com/sweepstakes-casinos/apps/ https://www.lineups.com/sweepstakes-casinos/wow-vegas/promo-code/ https://www.lineups.com/sweepstakes-casinos/megabonanza/promo-code/,,10
mavisupansiyon.com,https://mavisupansiyon.com/,200,"Mostbet网页版登录,Mostbet经典博弈阁",2,1,13,,,,13
mediamarkt.de,https://www.mediamarkt.de/,200,"Elektronik, Trends & Technik kaufen im Onlineshop | MediaMarkt",0,151,28,,,,13
mostbetazerb.com,https://www.mostbetazerb.com/?from=@,200,,0,0,4,,,,2
mostbetbdcasino.com,https://www.mostbetbdcasino.com/?from=@,200,,0,0,4,,,,2
mostbetpromocode.com,http://mostbetpromocode.com/,200,Registrant WHOIS contact information verification | Namecheap.com,0,0,9,,,,5
mostbetru.ru,https://v.trackthis.click/cd6b46e8-c77d-459e-96ff-836b6ac125b6/2?domain=refpa42380.com,200,,0,0,1,thin_page,,,1
mostvaluablebets.com,http://mostvaluablebets.com/,200,Welcome mostvaluablebets.com - BlueHost.com,0,0,8,,,,8
notino.bg,https://www.notino.bg/,200,Козметика и парфюми онлайн | Парфюмерия notino.bg,0,590,228,,,,25
notino.ch,https://www.notino.ch/,200,Parfum Online Schweiz | Online Parfumerie Suisse notino.ch,0,592,201,,,,25
notino.co.uk,https://www.notino.co.uk/,200,"Notino | Fragrance, Makeup, Skincare & Haircare Online",0,599,197,,,,25
notino.de,https://www.notino.de/,200,Parfümerie & Beauty Shop notino.de | Parfum kaufen: Online,0,687,212,,,,25
purdythangzboutique.com,https://purdythangzboutique.com/,200,Mostbet App Bangladesh 2025 – Download Official Betting & Casino App for Android & iOS,107,7,3,,,,2
remotedesktopwindows10.com,https://remotedesktopwindows10.com/,200,Мостбет ᐉ Mostbet ставки и бонусы для онлайн-игры,86,10,3,,,8umjh5xaqko.top,2
rsn-rb.ru,https://rsn-rb.ru/,200,Мостбет зеркало | Вход на официальный сайт казино Mostbet,96,13,3,,https://rsn-rb.ru/play,,4
seagrassli.org,https://seagrassli.org/,200,Mostbet,76,8,2,,,b2su3d2i.top,2
stephenkingrevisited.com,https://www.cemeterydance.com/,200,Cemetery Dance Publications,0,117,6,,,,5
suachuamaythammy.com,https://suachuamaythammy.com/,200,SuaChuaMayThamMy.com - Dịch vụ tiên phong,0,43,57,,,,25
suite101cagliari.it,https://suite101cagliari.it/,200,Home - Suite 101 Cagliari,0,214,40,,https://suite101cagliari.it/2026/07/13/app-slot-con-bonus-senza-deposito-italia-2026-preleva-veloce/ https://suite101cagliari.it/2026/07/13/bonus-senza-deposito-immediato-senza-invio-documenti-2026/ https://suite101cagliari.it/2026/07/13/bonus-10-euro-senza-deposito-italia-2026-deposito-istantaneo/,,25
syracuse.com,https://www.syracuse.com:443/,200,"Syracuse NY Local News, Breaking News, Sports & Weather",0,860,43,,,,25
