country,theme,volume,keyword,parent_topic,ai_overview_seen,paa_seen
KZ,выбор БК,5400,букмекерские конторы,фонбет,yes,
KZ,выбор БК,1600,букмекерские конторы казахстана,parimatch kz,,yes
KZ,выбор БК,200,букмекерские конторы олимп,олимпбет,yes,yes
KZ,легальность,200,легальные букмекерские конторы в казахстане,букмекерские конторы,yes,yes
KZ,выбор БК,200,букмекерские конторы казахстан,букмекерские конторы,,yes
KZ,отзывы,150,мостбет отзывы,мостбет отзывы,,yes
KZ,легальность,150,букмекерские конторы казахстан закон,,,
KZ,выбор БК,150,все букмекерские конторы,букмекерские конторы,,yes
KZ,выбор БК,150,лучшие букмекерские конторы,букмекерские конторы,,yes
KZ,выбор БК,150,букмекерские конторы в казахстане,букмекерские конторы казахстана,yes,yes
KZ,выбор БК,150,букмекерские конторы казахстана новости,,,
KZ,выбор БК,150,букмекерские конторы онлайн,фонбет,yes,yes
KZ,выбор БК,150,какие букмекерские конторы работают в казахстане,,,
KZ,выбор БК,150,букмекерские конторы кз,букмекерские конторы казахстана,,yes
KZ,выбор БК,150,какие букмекерские конторы есть в казахстане,букмекерская контора казахстан,yes,yes
KZ,выбор БК,150,букмекерские конторы с фрибетом,фрибет за регистрацию,,yes
KZ,отзывы,100,mostbet kz отзывы,mostbet kz отзывы,,yes
KZ,поддержка,100,мостбет кз номер телефона,,,
KZ,выбор БК,100,букмекерские конторы в казахстане закроют,,,
KZ,верификация,100,букмекерские конторы без верификации,,,
KZ,легальность,100,лицензионные букмекерские конторы,букмекерские конторы,,yes
KZ,выбор БК,100,лучшие букмекеры казахстана,букмекерская контора казахстан,yes,yes
KZ,выбор БК,100,когда заработают букмекеры,,,
KZ,выбор БК,90,казахстанские букмекерские конторы,,,
KZ,выбор БК,90,самые лучшие бк,,,
KZ,выбор БК,90,какой букмекер лучше в казахстане,букмекерские конторы казахстана,yes,yes
KZ,как ставить,90,где ставить ставки в казахстане,,,
KZ,возраст,90,со скольки лет можно ставить ставки в казахстане,со скольки лет можно ставить ставки в казахстане,,yes
KZ,как ставить,90,где ставить ставки на спорт,,,
KZ,вывод денег,80,как вывести бонусы с мостбет,,,
KZ,выбор БК,80,букмекерские конторы алматы,,,
KZ,выбор БК,80,букмекерские конторы фрибет,,,
KZ,как ставить,80,как делать ставки на футбол через телефон,футбол ставка,,yes
KZ,отзывы,70,mostbet отзывы,мостбет отзывы,,yes
KZ,выбор БК,70,букмекерские конторы с фрибетом без депозита,,,
KZ,легальность,70,нелегальные букмекерские конторы,,,
KZ,выбор БК,70,ставки на спорт букмекерские конторы,фрибет,,yes
KZ,выбор БК,70,лучшие бонусы бк,,,
KZ,выбор БК,70,лучшие бк,,,
KZ,что это,70,букмекер это,,,
KZ,выбор БК,70,какие букмекеры работают в казахстане,,,
KZ,выбор БК,60,букмекерские конторы рейтинг,,,
KZ,выбор БК,60,букмекерские конторы новости,,,
KZ,выбор БК,60,лучшие букмекерские конторы мира,лучшие букмекерские конторы мира,yes,yes
KZ,выбор БК,60,новые букмекерские конторы,,,
KZ,надёжность,60,самые надежные букмекерские конторы,,,
KZ,выбор БК,60,букмекерские конторы россии,,,
KZ,выбор БК,60,лучшие букмекеры,букмекерские конторы,,yes
KZ,выбор БК,60,лучшие бк казахстана,,,
KZ,отзывы,50,отзывы мостбет,,,
KZ,выбор БК,50,букмекерские конторы с бонусом,,,
KZ,легальность,50,букмекерские конторы с лицензией,,,
KZ,выбор БК,50,букмекерские конторы казахстана список,,,
KZ,выбор БК,50,букмекерские конторы с 18 лет,,,
KZ,выбор БК,50,букмекерские конторы с бесплатным фрибетом,,,
KZ,выбор БК,50,букмекерские конторы с бонусами,,,
KZ,выбор БК,50,букмекерские конторы в узбекистане,,,
KZ,выбор БК,50,букмекерские конторы рк,,,
KZ,выбор БК,50,букмекерские конторы мира,,,
KZ,выбор БК,50,все букмекерские конторы казахстана,,,
KZ,легальность,50,букмекерские конторы легальные,,,
KZ,выбор БК,50,какой букмекер лучше,,,
KZ,выбор БК,50,почему букмекеры не работают,,,
KZ,выбор БК,50,бк это,бк,yes,yes
KZ,выбор БК,50,что такое бк,,,
KZ,как ставить,50,как ставить ставки,как ставить ставки,yes,yes
KZ,верификация,50,как ставить ставки без паспорта,,,
KZ,вывод денег,40,мостбет вывод денег,,,
KZ,вывод денег,40,мостбет не выводит деньги,,,
KZ,выбор БК,40,букмекерские конторы бонусы,,,
KZ,выбор БК,40,букмекерские конторы бездепозитный бонус,,,
KZ,отзывы,40,букмекерские конторы отзывы,,,
KZ,надёжность,40,честные букмекерские конторы,,,
KZ,выбор БК,40,букмекерские конторы казахстана с фрибетом,,,
KZ,выбор БК,40,почему не работают букмекерские конторы,,,
KZ,выбор БК,40,букмекерские конторы без подтверждения личности,,,
KZ,выбор БК,40,акции букмекерские конторы,,,
KZ,выбор БК,40,фрибеты букмекерские конторы,,,
KZ,выбор БК,40,казахстан букмекерские конторы,,,
KZ,выбор БК,40,британские букмекерские конторы,,,
KZ,выбор БК,40,букмекерские конторы казахстана не работают,,,
KZ,выбор БК,40,зарубежные букмекерские конторы,,,
KZ,выбор БК,40,букмекерские конторы киберспорт,,,
KZ,легальность,40,легальные букмекерские конторы,,,
KZ,выбор БК,40,букмекерские конторы ставки на спорт,,,
KZ,выбор БК,40,зарубежные букмекерские конторы на русском языке,,,
KZ,выбор БК,40,новые букмекерские конторы с фрибетом,,,
KZ,выбор БК,40,букмекерские конторы с фрибетом без отыгрыша,,,
KZ,выбор БК,40,реальные букмекерские конторы,,,
KZ,выбор БК,40,букмекерские конторы с бездепозитным бонусом,,,
KZ,легальность,40,разрешенные букмекерские конторы,,,
KZ,надёжность,40,надежные букмекерские конторы в казахстане,,,
KZ,выбор БК,40,какие есть букмекерские конторы,,,
KZ,надёжность,40,надежные букмекерские конторы,букмекеры казахстана,,yes
KZ,выбор БК,40,букмекерские конторы все,,,
KZ,выбор БК,40,фрибет букмекерские конторы,,,
KZ,выбор БК,40,букмекеры лучшие,,,
KZ,выбор БК,40,лучшие бк конторы в интернете,,,
KZ,выбор БК,40,какой лучший букмекер,,,
KZ,выбор БК,40,какая букмекерская лучше,,,
KZ,что это,40,что такое букмекерская контора,,,
KZ,выбор БК,40,какие бк работают в казахстане,,,
KZ,выбор БК,40,какая бк лучше,,,
KZ,выбор БК,40,в какой бк лучше ставить,,,
KZ,как ставить,40,где можно ставить ставки,,,
KZ,выбор БК,40,ставки на спорт где лучше,,,
KZ,верификация,40,как делать ставки без паспорта,,,
KZ,выбор БК,40,где лучше ставить ставки на спорт,,,
KZ,выбор БК,40,ставки на спорт какой сайт лучше,,,
KZ,верификация,40,где можно ставить ставки без паспорта,,,
KZ,выбор БК,40,где лучше делать ставки на спорт?,,,
KZ,как ставить,40,где ставить ставки,,,
KZ,вывод денег,30,как вывести деньги с мостбет на карту,,,
KZ,отзывы,30,мостбет вывод денег отзывы,,,
KZ,поддержка,30,мостбет служба поддержки телефон,,,
KZ,отзывы,30,букмекерская контора мостбет отзывы,,,
KZ,выбор БК,30,букмекерские конторы с бонусом без депозита,,,
KZ,выбор БК,30,букмекерские конторы узбекистан,,,
KZ,выбор БК,30,букмекерские конторы с приветственным фрибетом,,,
KZ,выбор БК,30,российский букмекерские конторы,,,
KZ,выбор БК,30,самые крупные букмекерские конторы мира,,,
KZ,выбор БК,30,букмекерские конторы узбекистана,,,
KZ,выбор БК,30,лучшие мировые букмекерские конторы,,,
KZ,выбор БК,30,букмекерские конторы 1хбет,,,
KZ,надёжность,30,ставки на спорт надежные букмекерские конторы,,,
KZ,надёжность,30,какие букмекерские конторы самые надежные,,,
KZ,выбор БК,30,международные букмекерские конторы,,,
KZ,выбор БК,30,букмекерские конторы в казахстане список,,,
KZ,выбор БК,30,азиатские букмекерские конторы,,,
KZ,выбор БК,30,мировые букмекерские конторы онлайн,,,
KZ,выбор БК,30,букмекерские конторы с бездепозитным фрибетом,,,
KZ,выбор БК,30,лучшие онлайн букмекеры,,,
KZ,выбор БК,30,лучшие букмекеры снг,,,
KZ,верификация,30,лучшие букмекеры без паспорта,,,
KZ,выбор БК,30,лучшие бк в мире,,,
KZ,выбор БК,30,лучшие бк в казахстане,,,
KZ,что это,30,что такое букмекер,,,
KZ,выбор БК,30,какой букмекер работает в казахстане,,,
KZ,выбор БК,30,когда заработают букмекеры в казахстане,,,
KZ,выбор БК,30,какая самая лучшая букмекерская контора,,,
KZ,выбор БК,30,какая букмекерская контора лучше в казахстане,,,
KZ,выбор БК,30,когда заработают бк в казахстане,,,
KZ,выбор БК,30,какие бк дают бонус без депозита,,,
KZ,верификация,30,бк где не нужна верификация,,,
KZ,как ставить,30,как ставить ставки на 1xbet без проигрыша,,,
KZ,прочее,30,как правильно делать ставки,,,
KZ,выбор БК,30,где лучше всего ставить ставки,,,
KZ,как ставить,30,где можно ставить ставки на спорт,,,
KZ,как ставить,30,где ставить ставки на киберспорт,,,
KZ,как ставить,30,как делать ставки,,,
KZ,выбор БК,30,где лучше ставить ставки на киберспорт,,,
KZ,верификация,30,где можно ставить ставки без верификации,,,
KZ,выбор БК,30,где лучше ставить ставки,,,
KZ,выбор БК,30,где лучше делать ставки,,,
KZ,как ставить,30,как делать ставки на спорт через телефон,,,
KZ,отзывы,20,mostbet отзывы казахстан,,,
KZ,отзывы,20,mostbet partners отзывы,,,
KZ,надёжность,20,мостбет жалобы,,,
KZ,выбор БК,20,бонус в бк мостбет,,,
KZ,выбор БК,20,лучшие букмекеры мира,,,
KZ,выбор БК,20,лучшие бк для мма,,,
KZ,выбор БК,20,лучшие бк для ставок,,,
KZ,выбор БК,20,лучшие бк онлайн,,,
KZ,выбор БК,20,самые лучшие коэффициенты бк,,,
KZ,выбор БК,20,лучшие бк для ставок на спорт,,,
KZ,верификация,20,лучшие бк без паспорта,,,
KZ,выбор БК,20,какие букмекеры дают фрибет на день рождения,,,
KZ,выбор БК,20,как букмекеры вычисляют договорные матчи,,,
KZ,выбор БК,20,кто такие букмекеры,,,
KZ,верификация,20,букмекеры где не нужен паспорт,,,
KZ,выбор БК,20,какая букмекерская компания лучше,,,
KZ,выбор БК,20,что с бк в казахстане,,,
KZ,выбор БК,20,в какой бк самые высокие коэффициенты,,,
KZ,верификация,20,бк где не нужен паспорт,,,
KZ,верификация,20,в каких бк не нужен паспорт,,,
KZ,верификация,20,бк где не нужна идентификация,,,
KZ,выбор БК,20,как вернуть проигранные деньги с бк,,,
KZ,выбор БК,20,бк(б)п деген не,бк(б)п деген не,,
KZ,как ставить,20,как ставить ставки на олимп бет,,,
KZ,верификация,20,где можно делать ставки без паспорта,,,
KZ,как ставить,20,где поставить ставки на футбол,,,
KZ,как ставить,20,где ставить ставки на кс,,,
KZ,прочее,20,где можно сделать ставки на спорт,,,
KZ,как ставить,20,где ставить ставки на бокс,,,
KZ,как ставить,20,как ставить ставки на футбол и не проигрывать,,,
KZ,верификация,20,где ставить ставки без паспорта,,,
KZ,как ставить,20,как ставить ставки на спорт через телефон,,,
KZ,как ставить,20,как ставить ставки на футбол,футбол ставка,,yes
KZ,верификация,20,ставки где не нужен паспорт,,,
KZ,как ставить,20,как ставить ставки на 1xbet и выигрывать,,,
KZ,прочее,20,1 5 ставки это сколько денег,,,
KZ,возраст,20,где можно ставить ставки с 18 лет,,,
KZ,прочее,20,как правильно ставить ставки,как ставить ставки,,yes
KZ,выбор БК,20,где лучше ставить ставки на спорт онлайн,,,
KZ,как ставить,20,как делать ставки в париматч,как делать ставки в париматч,,yes
KZ,выбор БК,10,лучшие букмекеры в украине,,,
KZ,выбор БК,10,лучшие букмекеры с фрибетом без депозита,,,
KZ,выбор БК,10,лучшие букмекеры в рф,,,
KZ,выбор БК,10,лучшие букмекеры в казахстане,,,
KZ,выбор БК,10,лучшие букмекеры казахстан,,,
KZ,выбор БК,10,лучшие букмекеры для ставок на мма,,,
KZ,выбор БК,10,лучшие букмекеры беларуси,,,
KZ,выбор БК,10,лучшие букмекеры в беларуси,,,
KZ,выбор БК,10,лучшие букмекеры с фрибетом,,,
KZ,выбор БК,10,лучшие букмекеры украины,,,
KZ,выбор БК,10,лучшие букмекеры россия,,,
KZ,выбор БК,10,лучшие букмекеры украина,,,
KZ,выбор БК,10,лучшие букмекеры беларусь,,,
KZ,выбор БК,10,лучшие букмекеры в россии,,,
KZ,выбор БК,10,лучшие букмекеры рф,,,
KZ,выбор БК,10,лучшие букмекеры россии,,,
KZ,выбор БК,10,ставки на спорт лучшие букмекеры,,,
KZ,выбор БК,10,лучшие бк для киберспорта,,,
KZ,выбор БК,10,бк лучшие,,,
KZ,выбор БК,10,лучшие бк для ставок на киберспорт,,,
KZ,выбор БК,10,лучшие бк с бонусами для ставок на баскетбол,,,
KZ,выбор БК,10,лучшие бк конторы,,,
KZ,выбор БК,10,лучшие бк мира,,,
KZ,выбор БК,10,лучшие зарубежные бк,,,
KZ,выбор БК,10,лучшие акции бк,,,
KZ,выбор БК,10,лучшие бк с фрибетом,,,
KZ,выбор БК,10,лучшие бонусы в бк,,,
KZ,выбор БК,10,лучшие оффшорные бк,,,
KZ,выбор БК,10,какой букмекер дает фрибет,,,
KZ,что это,10,букмекер кто это,,,
KZ,что это,10,кто такой букмекер простыми словами,,,
KZ,выбор БК,10,какой букмекер,,,
KZ,выбор БК,10,какой букмекер дает фрибет без депозита,,,
KZ,надёжность,10,какой букмекер самый надежный,,,
KZ,что это,10,кто такой букмекер,,,
KZ,легальность,10,почему букмекеры блокируют успешных игроков,,,
KZ,выбор БК,10,букмекеры где дают фрибет,,,
KZ,выбор БК,10,какая букмекерская контора лучше,,,
KZ,выбор БК,10,букмекерская контора какая лучше,,,
KZ,выбор БК,10,букмекерская контора онлайн какая лучше,,,
KZ,выбор БК,10,какой бк лучше,,,
KZ,выбор БК,10,бк где дают бонусы,,,
KZ,выбор БК,10,бк где есть фрибет,,,
KZ,выбор БК,10,бк где дают фрибеты,,,
KZ,выбор БК,10,бк где дают фрибеты без депозита,,,
KZ,выбор БК,10,ирифрин бк как использовать,,,
KZ,выбор БК,10,что такое фрибет в бк,,,
KZ,выбор БК,10,почему нельзя пополнить бк,,,
KZ,выбор БК,10,что бк,,,
KZ,выбор БК,10,бк где есть фрибет без депозита,,,
KZ,выбор БК,10,бк где дают фрибет без депозита,,,
KZ,выбор БК,10,бк где дают фрибет,,,
KZ,выбор БК,10,бк что это,,,
KZ,выбор БК,10,бк(б)п ок деген не,бк(б)п деген не,,
KZ,выбор БК,10,что такое двойной шанс в бк,,,
KZ,прочее,10,хоккей ставки кто победит,,,
KZ,как ставить,10,где ставить ставки на ufc,,,
KZ,как ставить,10,как делать ставки на футбол,как ставить ставки,yes,yes
KZ,как ставить,10,1xbet как ставить ставки,,,
KZ,прочее,10,что означает повышение базовой ставки,,,
KZ,как ставить,10,как делать ставки на dota 2,,,
KZ,как ставить,10,как делать ставки на олимпиаду 2026,,,
KZ,что это,10,ставки флетом что это,,,
KZ,как ставить,10,как делать беспроигрышные ставки на хоккей,,,
KZ,как ставить,10,как делать ставки на юфс,,,
KZ,выбор БК,10,где лучше ставить ставки на футбол,,,
KZ,прочее,10,как бросить ставки раз и навсегда,как бросить ставки,,yes
KZ,как ставить,10,как делать ставки на спорт в кыргызстане,,,
KZ,выбор БК,10,где лучше ставить ставки на ufc,,,
KZ,выбор БК,10,где найти лучшие ставки,,,
KZ,что это,10,что такое страховка ставки,,,
KZ,как ставить,10,как ставить ставки на спорт 1xbet,,,
KZ,как ставить,10,как делать ставки на олимпиаду 2024,,,
KZ,прочее,10,как перестать ставить ставки,как перестать ставить ставки,,yes
KZ,как ставить,10,1хбет как ставить ставки,,,
KZ,что это,10,что такое система ставки,,,
KZ,как ставить,10,где ставить ставки на футбол,,,
AZ,выбор БК,200,букмекерские конторы,фонбет,,yes
AZ,что это,20,букмекер это,,,
AZ,отзывы,10,мостбет отзывы,,,
AZ,выбор БК,10,букмекерские конторы в азербайджане,,,
AZ,выбор БК,10,лучшие букмекерские конторы мира,,,
UZ,выбор БК,200,букмекерские конторы,мелбет,,yes
UZ,отзывы,150,mostbet uz отзывы,,,
UZ,выбор БК,100,букмекерские конторы в узбекистане,букмекерские конторы,yes,yes
UZ,отзывы,60,мостбет узбекистан отзывы,,,
UZ,отзывы,60,мостбет отзывы,,,
UZ,выбор БК,60,букмекерские конторы в узбекистане 2025,,,
UZ,выбор БК,60,букмекерские конторы узбекистан,букмекерские конторы,,
UZ,как ставить,50,мостбет как ставить ставки,,,
UZ,вывод денег,50,как вывести деньги с мостбет,,,
UZ,выбор БК,50,лучшие букмекерские конторы узбекистана,,,
UZ,легальность,40,мостбет легальный,,,
UZ,отзывы,40,мостбет отзывы игроков,,,
UZ,выбор БК,40,букмекерские конторы в ташкенте,,,
UZ,выбор БК,40,букмекерские конторы узбекистана,,,
UZ,выбор БК,40,лучшие букмекерские конторы мира,,,
UZ,легальность,40,легальные букмекерские конторы в узбекистане,,,
UZ,легальность,40,легальные букмекерские конторы,,,
UZ,легальность,40,букмекерские конторы с лицензией,,,
UZ,выбор БК,40,букмекерские конторы онлайн,,,
UZ,легальность,40,букмекерские конторы легальные,,,
UZ,выбор БК,40,букмекерские конторы топ,,,
UZ,выбор БК,40,самые лучшие бк,,,
UZ,что это,40,букмекер это,букмекер,yes,yes
UZ,прочее,30,как удалить аккаунт мостбет,,,
UZ,поддержка,30,мостбет номер телефона,,,
UZ,надёжность,30,самые надежные букмекерские конторы,,,
UZ,выбор БК,30,букмекерские конторы в казахстане,,,
UZ,выбор БК,30,все букмекерские конторы,,,
UZ,выбор БК,30,какие букмекерские конторы работают в узбекистане,,,
UZ,легальность,30,лучшие легальные букмекерские конторы,,,
UZ,выбор БК,30,букмекерские конторы в интернете,,,
UZ,выбор БК,30,какие самые лучшие букмекерские конторы,,,
UZ,выбор БК,30,букмекерские конторы казахстан,,,
UZ,выбор БК,30,букмекерские конторы рейтинг,,,
UZ,выбор БК,30,букмекерские конторы казахстана,,,
UZ,выбор БК,30,лучшие букмекерские конторы,,,
UZ,выбор БК,30,лучшие бк,,,
UZ,отзывы,20,мостбет вывод денег отзывы,,,
UZ,поддержка,20,мостбет служба поддержки телефон,,,
UZ,выбор БК,10,узбекистан букмекерские конторы,,,
UZ,выбор БК,10,букмекерские конторы в узбекистане 2026,,,
UZ,что это,10,что такое букмекер,,,
UZ,выбор БК,10,кто такие букмекеры,,,
UZ,выбор БК,10,что такое бк,,,
